{"mean":{"confidence_interval":{"confidence_level":0.95,"lower_bound":-0.04502197287446399,"upper_bound":-0.005550236667410432},"point_estimate":-0.025732018110592447,"standard_error":0.010041169947530203},"median":{"confidence_interval":{"confidence_level":0.95,"lower_bound":-0.027166342592706894,"upper_bound":-0.012793089456285434},"point_estimate":-0.018426478408776426,"standard_error":0.0036797808602322176}}